dt,open,high,low,close,volume
2024-02-26,45.632795,45.786751,45.348236,45.478761,52065487.24
2024-02-27,44.806666,45.067484,44.363924,44.674618,72363056.56
2024-02-28,45.559292,45.599236,45.354418,45.461544,52015634.58
2024-02-29,46.353331,46.736249,46.163995,46.33969,72918751.37
2024-03-01,44.886035,45.348543,44.837676,44.980382,73737408.98
2024-03-04,43.656499,44.025221,43.461642,43.799279,104556614.2
2024-03-05,44.173169,44.507276,43.917431,43.946422,59678821.07
2024-03-06,43.899997,44.003256,43.329304,43.766107,62698927.71
2024-03-07,43.81464,43.96663,43.54944,43.936485,100673166.61
2024-03-08,43.252869,43.350742,43.223227,43.245979,83689282.29
2024-03-11,43.504625,43.680158,43.29854,43.556914,81097236.62
2024-03-12,43.842087,44.287554,43.660515,44.040836,70583836.87
2024-03-13,44.187065,44.445699,43.950815,44.155688,57416697.63
2024-03-14,45.053014,45.321595,44.805728,45.128015,63106519.49
2024-03-15,45.710841,46.058939,45.5311,45.885672,79645795.99
2024-03-18,45.110397,46.127674,45.028319,45.378882,53991738.42
2024-03-19,45.480089,45.944515,45.224556,45.766368,58093337.39
2024-03-20,45.003636,45.350827,44.955518,45.070598,51432420.57
2024-03-21,46.037378,46.182132,45.754687,46.053054,62552756.33
2024-03-22,45.820615,46.365871,45.704238,45.981606,61476384.07
2024-03-25,46.003285,46.007912,45.804571,45.883851,58237602.35
2024-03-26,45.204477,45.486481,45.103035,45.216332,53705830.36
2024-03-27,46.648562,46.691608,46.476261,46.541166,92632106.13
2024-03-28,46.532085,47.009678,46.19905,46.566155,58776976.33
2024-03-29,46.018266,46.457795,46.003296,46.163611,73022910.96
2024-04-01,45.955767,45.958032,45.788403,45.934799,71425703.53
2024-04-02,46.305152,46.728187,46.292272,46.540213,60503145.8
2024-04-03,46.973688,47.027354,46.837505,46.872548,64459626.93
2024-04-04,47.016061,47.519228,46.529893,47.192968,57909065.27
2024-04-05,47.682429,47.806033,47.165385,47.507935,63770291.96
2024-04-08,49.416154,50.097539,49.392611,49.483145,50997376.88
2024-04-09,49.351819,49.980225,49.079722,49.142955,98146514.43
2024-04-10,48.476973,48.778054,48.272826,48.69564,78559595.38
2024-04-11,47.698245,47.986489,47.648742,47.82791,73544906.66
2024-04-12,48.519717,48.866634,48.355964,48.445898,65285723.85
2024-04-15,49.697283,50.051286,49.213228,49.465685,85267216.35
2024-04-16,49.715559,50.10692,49.164321,49.386329,78739385.95
2024-04-17,48.790417,49.158225,48.457672,48.782346,77405662.36
2024-04-18,48.66014,48.740134,48.021891,48.305051,69824886.24
2024-04-19,49.024491,49.148063,48.998379,49.08136,61286782.38
2024-04-22,50.141222,50.144568,49.626178,49.921812,61227848.88
2024-04-23,50.247737,51.159904,49.844836,50.437824,74664403.31
2024-04-24,49.905255,49.962315,49.384098,49.821514,73071532.63
2024-04-25,49.433725,50.126605,49.355497,49.901137,60250897.55
2024-04-26,49.745245,50.244679,49.533691,49.969426,51950641.45
2024-04-29,50.344548,50.645115,50.019356,50.250745,53727320.09
2024-04-30,50.685521,51.129314,50.261049,50.953012,67080641.22
2024-05-01,51.3475,51.469334,51.036033,51.259958,118718552.32
2024-05-02,51.951092,52.417825,51.351052,51.763406,58386414.17
2024-05-03,51.465316,51.751478,50.844703,51.568725,64703928.76
2024-05-06,51.887851,52.286452,51.556083,52.089741,75930166.61
2024-05-07,52.560716,53.054036,52.40003,52.6606,56505078.27
2024-05-08,51.044063,51.893272,50.728726,51.242024,68804997.72
2024-05-09,50.797135,51.333781,50.643276,50.817708,59350995.84
2024-05-10,50.589966,50.707884,50.484887,50.569315,59040432.72
2024-05-13,50.302867,50.588819,50.203269,50.364515,59263364.09
2024-05-14,50.460643,50.512872,49.901355,50.124934,89699100.28
2024-05-15,51.3555,51.507849,51.18096,51.503708,64708946.38
2024-05-16,51.312711,51.38478,50.686978,51.028699,52388621.36
2024-05-17,51.403228,51.936474,51.284234,51.618216,62783253.32
2024-05-20,50.60757,50.942009,50.430928,50.592842,67841097.88
2024-05-21,51.11614,51.435448,50.83078,50.875376,75551530.43
2024-05-22,50.785956,51.098054,50.149675,50.557164,58569929.58
2024-05-23,51.061777,51.258337,50.984515,51.147758,71018254.02
2024-05-24,51.845326,52.227506,51.508561,51.73047,63302163.44
2024-05-27,52.579199,52.594523,52.299932,52.490767,68361639.21
2024-05-28,52.05759,52.222067,51.81135,52.170265,68094583.0
2024-05-29,52.131513,52.377526,51.638865,52.003387,80257733.5
2024-05-30,53.253728,53.532916,52.854924,52.859923,83368719.84
2024-05-31,52.678448,52.697254,52.402249,52.579241,68143662.31
2024-06-03,51.57979,51.908657,51.338094,51.463204,66462819.39
2024-06-04,50.772348,50.831767,50.480603,50.636206,103027289.6
2024-06-05,49.381461,49.678949,49.293219,49.671738,59840123.48
2024-06-06,49.955216,50.1239,49.413947,49.863423,71196088.5
2024-06-07,50.268396,50.475808,50.206522,50.473674,61527504.95
2024-06-10,50.925252,51.263834,50.426241,51.045696,58603800.0
2024-06-11,51.159555,51.285817,50.659093,50.720932,71482746.94
2024-06-12,50.815974,51.025727,50.19278,50.867505,60430942.39
2024-06-13,51.477688,51.882326,51.080057,51.630551,59851370.04
2024-06-14,52.04176,52.278774,51.793692,51.802931,63656825.49
2024-06-17,52.231946,52.613125,52.161015,52.430696,64753563.56
2024-06-18,51.504238,51.860242,51.474607,51.596579,55420095.7
2024-06-19,51.326101,51.344879,51.011416,51.07094,55662086.31
2024-06-20,50.742243,51.205302,50.386555,50.733564,87482638.0
2024-06-21,49.396942,50.051628,49.371814,49.707434,57883702.86
2024-06-24,49.983728,50.426437,49.49298,49.875201,56883004.32
2024-06-25,49.632169,49.8948,49.597132,49.711003,61537659.33
2024-06-26,49.895356,50.30987,49.485733,49.589912,61791915.52
2024-06-27,50.273625,50.813927,50.071772,50.395822,84087410.75
2024-06-28,51.466564,51.658499,50.692293,51.251058,81427324.96
2024-07-01,52.259319,52.260629,51.804887,51.89075,74139965.59
2024-07-02,51.802583,52.129111,51.164168,51.97951,53673936.7
2024-07-03,51.386994,51.546141,51.24571,51.42674,71523473.11
2024-07-04,51.649976,51.83506,51.357318,51.569811,85733290.54
2024-07-05,49.8739,50.541086,49.750303,50.045525,60981536.03
2024-07-08,48.709889,48.924848,48.58595,48.657282,77337814.19
2024-07-09,47.520018,47.940115,47.239276,47.562809,55285541.88
2024-07-10,46.681239,46.950227,46.118629,46.727044,71515389.87
2024-07-11,47.084353,47.145305,46.654866,47.075138,58937648.03
2024-07-12,46.598988,47.169016,46.360631,46.585708,50950339.44
2024-07-15,46.239699,46.385689,46.199662,46.209408,79104567.93
2024-07-16,47.573613,47.929899,47.51375,47.68784,59158018.61
2024-07-17,47.113958,47.525416,46.900953,47.218816,65201837.12
2024-07-18,48.204216,48.377948,47.78537,48.227093,53178305.72
2024-07-19,47.31989,47.53933,46.99997,47.328363,66550980.23
2024-07-22,47.154034,47.447073,47.139945,47.236954,58409640.25
2024-07-23,46.501137,46.661536,46.359598,46.440961,60306803.08
2024-07-24,45.843844,46.569904,45.439655,46.17906,77343194.01
2024-07-25,46.959319,47.415805,46.948803,47.09693,53502988.35
2024-07-26,45.98763,46.739832,45.899767,46.039181,52351465.16
2024-07-29,46.532775,46.859474,46.20532,46.692673,60893547.94
2024-07-30,47.197179,47.271324,46.787447,46.891596,66626941.02
2024-07-31,46.519911,46.56517,46.426824,46.516401,59548992.08
2024-08-01,45.314151,45.774029,45.114597,45.282133,56063867.07
2024-08-02,45.148973,45.534457,44.897944,45.236412,68666600.42
2024-08-05,44.684266,44.815238,44.174087,44.687086,67461255.53
2024-08-06,44.649496,45.048592,44.117506,44.867598,76410439.87
2024-08-07,44.974961,45.037351,44.974074,45.005532,113905733.69
2024-08-08,45.844759,46.178331,45.818318,46.017233,51402819.03
2024-08-09,45.841701,46.517575,45.730521,45.892624,66430928.79
2024-08-12,44.958912,45.429494,44.813522,45.424039,57955089.52
2024-08-13,45.642926,46.156647,45.391546,45.849801,89424547.88
2024-08-14,46.266918,46.49732,45.995551,45.99757,62943571.02
2024-08-15,47.08363,47.556805,46.803421,46.927755,59405398.12
2024-08-16,48.042948,48.144502,47.346035,47.790796,70596722.93
2024-08-19,47.993536,48.453618,47.635751,47.7286,58185134.97
2024-08-20,49.407409,49.411759,49.259039,49.274764,61140451.9
2024-08-21,48.207223,48.520859,47.491225,48.294708,50656166.2
2024-08-22,47.986342,48.751281,47.930267,48.186267,61903160.13
2024-08-23,47.37627,47.869748,47.002578,47.159948,69055940.46
2024-08-26,47.10135,47.253269,46.906583,47.089188,51849848.23
2024-08-27,46.480128,46.936829,45.819059,46.021018,66280205.9
2024-08-28,46.487233,46.806109,46.406488,46.555222,59160777.25
2024-08-29,46.562514,46.766071,46.144209,46.197939,62739107.26
2024-08-30,45.172619,45.496627,45.145425,45.200968,70425071.67
2024-09-02,44.833935,45.031221,44.441487,44.595607,53561331.93
2024-09-03,45.546968,45.694786,45.151577,45.239936,57717681.97
2024-09-04,45.986587,46.271065,45.426844,46.175528,52067235.67
2024-09-05,47.701435,47.96427,47.354927,47.794155,70185650.58
2024-09-06,49.984748,50.423568,49.8936,50.192137,87038887.04
2024-09-09,50.120626,50.395548,49.863258,50.368427,60414852.32
2024-09-10,50.00849,50.167102,49.615306,49.875409,69282628.47
2024-09-11,47.932369,48.184706,47.857448,47.970098,85843499.15
2024-09-12,48.574877,48.633333,48.288512,48.564704,57378523.22
2024-09-13,48.163359,48.204584,47.627627,48.056435,71663658.3
2024-09-16,47.494532,48.264981,47.274861,47.850037,61918220.94
2024-09-17,47.602814,47.773948,47.22164,47.359054,58333403.57
2024-09-18,47.380556,47.458816,46.760428,47.44681,68869927.4
2024-09-19,48.527105,48.647535,48.396013,48.423981,51619561.59
2024-09-20,48.688782,49.062059,48.03685,48.568194,54955701.18
2024-09-23,48.916543,49.335611,48.589406,48.649787,51916150.22
2024-09-24,47.804082,48.295888,47.733471,47.824141,53602692.6
2024-09-25,45.971354,46.371402,45.887091,46.365205,71653034.48
2024-09-26,46.168815,46.256772,45.897227,46.158268,58453765.83
2024-09-27,46.217688,46.327237,45.804395,46.180613,59417089.89
2024-09-30,47.616159,48.292223,47.320462,47.813967,54016442.51
2024-10-01,47.945813,47.985976,47.816213,47.917544,52219872.9
2024-10-02,48.530032,48.697826,48.263579,48.600214,83584989.75
2024-10-03,48.331409,48.789556,48.293842,48.5924,62487575.69
2024-10-04,48.094481,48.151626,47.823654,47.965648,75628701.95
2024-10-07,47.297774,48.028286,47.011279,47.404667,64680489.38
2024-10-08,46.733681,47.24276,46.42427,46.809771,72179011.46
2024-10-09,48.530198,49.218777,48.39927,48.62016,74667351.0
2024-10-10,48.507936,48.825916,48.207888,48.269393,55861024.07
2024-10-11,48.992273,49.419848,48.637038,49.000293,83219261.08
2024-10-14,48.202331,48.472482,47.928181,48.187085,59380717.73
2024-10-15,49.348041,49.489291,49.311277,49.435173,67545448.82
2024-10-16,49.938031,50.125361,49.83635,49.845743,57483131.89
2024-10-17,50.416538,50.664646,49.854977,50.145887,72655246.12
2024-10-18,50.043874,50.521958,49.700098,49.914523,68461294.04
2024-10-21,49.664515,49.687081,49.211937,49.528437,71160808.03
2024-10-22,50.541293,50.681045,50.281369,50.419031,52785146.24
2024-10-23,49.830649,50.187744,49.242356,50.10729,54070459.66
2024-10-24,48.896983,49.26288,48.600205,49.068944,60152091.78
2024-10-25,47.795421,48.287769,47.261181,47.834643,97155994.47
2024-10-28,48.129528,48.3077,48.008524,48.269677,54673274.87
2024-10-29,49.34983,50.075224,48.816042,49.560867,51236243.82
2024-10-30,49.392955,49.948254,49.383552,49.765635,73817020.89
2024-10-31,49.234002,49.727557,48.74968,49.500618,57304270.7
2024-11-01,50.094095,50.292711,49.591121,50.14555,70148552.21
2024-11-04,51.621782,51.967186,51.062437,51.636121,83354647.91
2024-11-05,51.752125,51.983418,51.659465,51.916817,59073080.92
2024-11-06,51.408113,51.410385,51.086938,51.391889,70981408.37
2024-11-07,52.722606,53.084621,52.345175,52.814257,81403954.41
2024-11-08,53.458351,53.573181,53.189926,53.226163,65465914.26
2024-11-11,54.499871,54.582996,54.098221,54.535129,67796432.72
2024-11-12,54.570283,54.59405,54.222913,54.418709,61348928.61
2024-11-13,53.25398,53.275892,52.982408,53.210727,62460677.9
2024-11-14,51.440423,51.75848,51.222819,51.730542,55371558.36
2024-11-15,53.193554,53.330249,52.477449,53.212851,67528100.49
2024-11-18,54.835941,55.154549,54.58821,55.108313,60882043.63
2024-11-19,54.920867,55.156908,54.649374,54.94463,89308515.03
2024-11-20,54.582109,55.617965,54.55646,54.745279,76021688.71
2024-11-21,56.189641,56.66478,56.035645,56.103922,50199111.71
2024-11-22,54.832606,55.322029,54.786063,55.128615,87268462.97
2024-11-25,54.781395,54.947626,54.720748,54.778173,55943208.35
2024-11-26,55.545026,56.225062,55.410687,55.418138,77841930.32
2024-11-27,55.412761,55.851675,55.033388,55.21232,82798780.14
2024-11-28,54.787333,55.095753,54.738244,54.955313,93302851.9
2024-11-29,55.228642,55.310953,55.130502,55.224721,71163942.05
2024-12-02,55.582367,55.693621,55.407574,55.541456,55135173.6
2024-12-03,57.62517,58.052637,56.986873,57.27075,69208074.64
2024-12-04,57.090353,57.849603,56.899891,57.430648,56186312.04
2024-12-05,58.11322,58.483598,58.092508,58.325783,86069386.56
2024-12-06,57.139016,57.205532,56.111227,56.505149,59333770.95
2024-12-09,56.388097,57.081131,56.015002,56.449762,55720749.24
2024-12-10,55.532677,55.989196,54.931358,55.955927,68850585.34
2024-12-11,54.567087,54.955097,54.128644,54.694536,72923787.55
2024-12-12,53.515391,54.175255,53.404497,54.114739,115265334.05
2024-12-13,53.856059,54.400664,53.497463,53.804209,58855946.43
2024-12-16,55.025143,55.158812,54.12747,54.847484,50917721.88
2024-12-17,53.377912,54.118619,53.216705,53.573275,63221546.6
2024-12-18,53.602258,53.751156,53.441181,53.703376,67270910.15
2024-12-19,53.304994,53.697268,52.990638,53.108778,74040545.68
2024-12-20,52.574248,53.214813,52.544091,52.944908,78240790.26
2024-12-23,53.702706,54.362154,53.596877,53.988103,91869733.08
2024-12-24,54.426303,54.668175,54.382908,54.476011,78465176.49
2024-12-25,55.687247,56.240469,54.508055,55.855334,75772613.63
2024-12-26,55.76197,56.350049,55.742846,55.827594,52996553.97
2024-12-27,54.82646,55.36054,54.820603,55.105016,60074021.94
2024-12-30,54.999781,55.494439,54.610239,54.952672,58187338.59
2024-12-31,55.02609,55.543092,54.593895,55.058957,50670255.81
2025-01-01,55.967773,56.218318,55.782199,55.845094,54168357.24
2025-01-02,55.159044,55.322316,54.844945,55.114864,68403087.03
2025-01-03,55.402092,55.711336,54.990453,55.356326,54678799.15
2025-01-06,55.610981,56.140796,55.354946,55.934576,65413456.46
2025-01-07,58.219956,58.550047,57.905883,58.105467,74300990.54
2025-01-08,59.467127,59.872937,59.044424,59.545934,66346234.05
2025-01-09,58.624556,58.739276,58.559276,58.663649,72999492.65
2025-01-10,58.388495,58.434724,57.656111,58.144691,58403098.26
2025-01-13,56.544967,56.887424,56.483557,56.708158,58649498.11
2025-01-14,56.566728,56.669825,55.757465,56.262643,52414207.08
2025-01-15,57.209208,57.395031,56.625028,56.880558,89486895.53
2025-01-16,58.108775,58.1799,57.570087,57.934326,94209060.27
2025-01-17,57.158781,57.674041,56.935121,57.383868,59386819.32
2025-01-20,56.329066,57.380826,56.252911,56.82602,50128404.77
2025-01-21,55.123969,55.167387,54.815754,54.887112,66313406.85
2025-01-22,54.733093,55.187546,54.491581,54.708718,64329304.09
2025-01-23,53.923069,54.174074,53.841945,54.084283,53299835.0
2025-01-24,53.902736,54.433763,53.412937,53.650885,53453025.7
2025-01-27,53.111648,53.446915,52.831121,53.295316,64881384.26
2025-01-28,53.038407,53.169111,52.487342,53.128547,62273599.59
2025-01-29,51.859262,52.094647,51.569335,51.750608,87577521.04
2025-01-30,50.279611,51.131157,49.725963,50.50458,65536528.77
2025-01-31,52.429861,52.617148,52.272785,52.452831,50463468.88
2025-02-03,51.718654,51.831767,51.391993,51.494316,59741240.76
2025-02-04,50.577252,51.456384,50.494827,50.534579,54650663.99
2025-02-05,51.987507,52.292198,51.556769,51.729393,53183924.69
2025-02-06,54.115169,54.472607,53.723378,53.870896,75946075.21
2025-02-07,53.131924,53.45167,53.044574,53.130279,114669873.26
2025-02-10,52.640323,53.256334,52.608701,53.136993,74397416.48
2025-02-11,53.714753,54.238979,53.241069,53.953394,61306515.72
2025-02-12,55.880236,55.952357,55.700083,55.710134,62595636.49
2025-02-13,54.222126,54.742271,53.820121,54.560455,63466583.32
2025-02-14,54.254884,54.428764,53.865591,54.325875,68503214.45
2025-02-17,55.244401,55.282789,55.123618,55.169705,75215985.94
2025-02-18,55.789479,56.001156,55.087597,55.463449,51265618.58
2025-02-19,55.427838,55.976782,54.908267,55.55562,66154152.05
2025-02-20,55.87386,56.529457,55.660801,56.018048,82236165.35
2025-02-21,54.864449,55.330305,54.639121,54.875961,64417957.35
2025-02-24,54.813102,54.94732,54.615369,54.736271,61453034.18
2025-02-25,54.256762,54.600942,54.161164,54.290258,50834472.27
2025-02-26,55.173983,55.596718,54.881366,54.943382,78325472.41
2025-02-27,54.343201,54.695385,54.146777,54.517471,78227349.08
2025-02-28,55.027368,55.135855,54.801362,55.000932,97043298.67
2025-03-03,56.292674,56.506687,55.314047,56.192604,80759848.87
2025-03-04,56.219414,56.453376,56.13829,56.309562,90583274.38
2025-03-05,56.978984,57.350012,56.611776,56.788241,51178255.59
2025-03-06,56.643493,56.858986,56.470348,56.609763,72689178.56
2025-03-07,57.132219,57.604892,56.940141,56.952512,50775113.28
2025-03-10,56.348936,56.900382,56.05161,56.30522,51474537.58
2025-03-11,57.064587,57.307177,56.951133,56.978799,53915484.24
2025-03-12,56.787498,57.403594,56.273712,56.93151,66848220.64
2025-03-13,58.986238,59.205457,58.587378,59.135442,58653123.05
2025-03-14,60.900681,61.682529,60.560756,60.603868,56346742.3
2025-03-17,61.461685,61.782003,61.232995,61.305843,72073297.42
2025-03-18,60.131164,60.399663,59.102804,60.378224,53607445.05
2025-03-19,59.235088,59.73747,59.076307,59.192265,69292948.46
2025-03-20,59.973645,60.77276,59.486683,60.54856,83754211.04
2025-03-21,60.821484,61.8686,60.740751,60.961437,53442188.63
2025-03-24,61.398835,61.668819,61.107614,61.163715,75384091.43
2025-03-25,59.329817,59.71204,59.082107,59.359531,76999237.08
2025-03-26,60.659398,61.104927,60.122714,60.630802,60549146.18
2025-03-27,60.390698,61.566855,60.38118,61.128243,85553401.22
2025-03-28,59.898278,60.063234,59.07872,59.992407,78243867.57
2025-03-31,59.716447,59.739968,59.55258,59.635754,53194327.69
2025-04-01,60.095731,60.469283,59.512539,59.984091,50876852.62
2025-04-02,60.124011,60.345604,59.691469,59.893456,70695318.81
2025-04-03,59.627971,59.841823,59.494614,59.678162,65287445.93
2025-04-04,59.868154,60.052503,59.655457,59.907851,50058098.67
2025-04-07,59.175751,59.92646,58.839426,59.492756,63721932.85
2025-04-08,59.615155,61.105145,59.508572,59.663965,53996493.93
2025-04-09,60.686873,61.247657,60.628235,60.99467,83655709.11
2025-04-10,58.186095,58.654435,58.029648,58.619379,82706542.63
2025-04-11,58.198738,58.907644,57.915398,58.452464,72403721.71
2025-04-14,58.887143,59.112379,58.308671,58.533906,56990545.35
2025-04-15,58.896897,59.03631,58.484654,58.960707,50065166.44
2025-04-16,58.444452,58.631919,58.277118,58.393095,70979585.31
2025-04-17,56.360907,56.482357,55.954253,56.476909,68399797.04
2025-04-18,56.163248,57.171879,55.703609,56.568402,61493356.81
2025-04-21,58.382067,58.818941,57.679748,58.164274,52277411.05
2025-04-22,56.523951,57.07372,56.112298,57.01938,68860903.89
2025-04-23,57.692489,58.239985,57.6893,57.820803,57706153.41
2025-04-24,57.679366,58.154902,57.263252,57.69197,51320237.16
2025-04-25,57.587269,57.604218,57.326362,57.534225,62582383.88
2025-04-28,56.580449,57.333169,56.41862,56.745344,50839981.74
2025-04-29,55.862335,56.516624,55.789931,56.276068,52590607.72
2025-04-30,57.499948,58.039791,57.302323,57.684792,53073761.37
2025-05-01,58.215211,59.239986,58.048381,58.390092,58251863.0
2025-05-02,60.675225,61.164549,60.481034,60.863438,76098970.78
2025-05-05,62.642002,62.683516,61.896161,62.399876,51495308.32
2025-05-06,62.535842,63.117842,62.321324,62.840898,66054287.47
2025-05-07,65.165439,65.367092,64.627254,65.087079,70406577.35
2025-05-08,66.308927,66.639997,66.230815,66.266967,54813996.88
2025-05-09,67.172676,67.465751,66.618551,66.915598,64680530.88
2025-05-12,66.419876,66.642001,65.927249,66.455266,53712270.15
2025-05-13,66.793026,67.010259,66.348536,66.582325,60622844.17
2025-05-14,65.72593,66.209874,65.165963,65.771239,61426921.16
2025-05-15,67.066916,67.611097,66.386751,66.950585,62716265.24
2025-05-16,64.952506,65.641467,64.930678,65.345347,97934715.39
2025-05-19,66.032612,66.838009,65.438893,66.736894,65947299.78
2025-05-20,66.347601,66.714817,65.337512,66.247555,87480315.5
2025-05-21,67.804014,68.020686,67.52999,67.687272,78308158.17
2025-05-22,69.122721,69.45248,68.857425,68.991498,60285316.63
2025-05-23,71.199834,71.93217,70.791377,71.349649,93402482.86
2025-05-26,72.54189,73.20476,71.808314,72.112182,83548387.2
2025-05-27,69.756156,70.409458,69.20748,69.88471,64129755.12
2025-05-28,69.973537,70.527939,69.578319,69.855933,57130847.57
2025-05-29,68.500552,68.854052,68.207424,68.338007,87245539.36
2025-05-30,68.354215,68.636302,67.404456,67.887491,53135163.26
2025-06-02,69.356592,69.784875,69.079304,69.444656,60984430.37
2025-06-03,70.391546,70.664894,70.381855,70.575945,66333386.67
2025-06-04,69.44439,70.405902,69.327302,69.86305,53096061.8
2025-06-05,69.22289,69.622317,68.735296,68.795705,59422200.19
2025-06-06,69.467104,69.735831,69.245768,69.350205,67385990.92
2025-06-09,67.999719,68.264652,67.523114,67.87671,88719095.35
2025-06-10,67.833345,68.260522,66.680348,66.998092,51500228.45
2025-06-11,67.420579,67.694086,66.731196,67.333034,67581944.47
2025-06-12,68.420874,68.966644,68.192347,68.779164,58192716.58
2025-06-13,69.557502,70.242689,69.326485,69.612051,56092528.39
2025-06-16,66.491091,66.979307,66.318673,66.751363,72346157.25
2025-06-17,66.575791,67.104905,66.572557,66.681379,53284642.79
2025-06-18,66.621322,66.919788,66.011099,66.728779,54246764.1
2025-06-19,67.268747,67.823515,66.743406,67.427073,63211737.3
2025-06-20,69.140089,70.064516,68.816106,69.527575,59411449.72
2025-06-23,67.914189,67.963798,66.618217,67.484313,53091037.82
2025-06-24,67.504542,67.520331,66.854334,67.423944,65356730.25
2025-06-25,68.389664,68.55151,68.238782,68.4514,50141889.51
2025-06-26,67.257632,67.43676,67.042366,67.05442,55563532.43
2025-06-27,69.277303,69.540992,68.238322,69.147011,62225650.74
2025-06-30,70.270085,70.435469,69.424545,70.192679,81796844.68
2025-07-01,72.093945,72.170485,71.895938,71.896948,58304798.45
2025-07-02,71.608371,71.924477,70.72386,71.570028,57654244.65
2025-07-03,73.12629,73.607689,72.625055,72.930771,52917208.62
2025-07-04,74.603636,74.760184,73.994078,74.379571,70536402.74
2025-07-07,74.847432,75.304876,74.583371,74.798747,58735432.14
2025-07-08,75.066905,75.220455,75.042025,75.133141,56401549.01
2025-07-09,76.271111,77.068891,75.254561,75.807051,74935878.2
2025-07-10,74.43216,74.590544,74.277661,74.574718,57747080.96
2025-07-11,74.566486,74.655241,74.141683,74.449953,60112254.05
2025-07-14,73.800302,74.054677,73.051431,73.678318,57109333.35
2025-07-15,74.633834,75.527577,74.613433,74.816254,61374397.18
2025-07-16,75.959489,76.734365,75.462164,76.205731,109181811.81
2025-07-17,74.955819,75.380202,74.647638,75.062062,63252303.0
2025-07-18,75.313692,76.452351,74.678041,75.462268,91373539.08
2025-07-21,77.226639,78.181799,77.099851,77.679708,81998639.42
2025-07-22,77.042823,77.258737,76.84184,77.24412,65186052.45
2025-07-23,75.965788,76.48269,75.825046,75.884978,76729053.83
2025-07-24,77.409255,78.041873,76.785659,77.019247,63635943.83
2025-07-25,78.819986,79.014617,78.64479,78.645584,75578993.39
2025-07-28,78.040141,79.185201,77.832902,78.86014,64831800.0
2025-07-29,81.533531,81.885534,80.856705,81.324915,53789602.62
2025-07-30,82.130453,82.475389,82.03039,82.314228,55208925.68
2025-07-31,83.738825,83.790198,82.836804,83.587338,53617404.53
2025-08-01,85.034025,85.286404,84.177176,85.038833,67549116.44
2025-08-04,88.016291,88.738364,87.104415,88.084182,57945891.31
2025-08-05,88.07612,88.472837,87.749549,88.112153,63536166.04
2025-08-06,85.376765,85.466224,84.786894,85.384423,53484140.94
2025-08-07,89.150432,89.254997,88.513921,88.673579,89625269.09
2025-08-08,87.547588,88.519196,87.475847,87.554473,55024275.95
2025-08-11,88.820513,88.944283,88.402173,88.436509,67386508.54
2025-08-12,90.78864,91.667614,90.210669,90.448588,60797699.74
2025-08-13,88.159258,88.380457,87.841146,87.924659,55467154.88
2025-08-14,85.121331,86.014719,83.737396,85.734027,52173978.0
2025-08-15,83.501032,83.563722,82.968313,83.129731,67947812.51
2025-08-18,82.096298,82.845731,81.886901,82.246942,64372844.71
2025-08-19,82.893762,83.768152,81.843636,82.657122,55277869.56
2025-08-20,83.485806,84.349858,82.641034,83.811845,63875250.51
2025-08-21,83.740258,84.472683,83.055355,84.139103,57711176.11
2025-08-22,82.460185,82.559163,81.641732,81.813405,51340158.73
2025-08-25,78.219836,78.803463,77.484829,78.520407,56165118.23
2025-08-26,79.195737,80.006792,78.115412,78.834326,103575519.5
2025-08-27,78.264641,78.52838,77.752187,78.227586,80781026.15
2025-08-28,78.873791,79.271389,78.707878,79.00656,69170257.18
2025-08-29,80.332742,80.880329,80.252685,80.347149,67253418.89
2025-09-01,80.607193,81.335722,79.93946,81.028898,52623909.79
2025-09-02,82.152338,82.237483,81.555259,82.156858,101371750.38
2025-09-03,81.927417,82.922184,81.358163,82.283785,69247379.9
2025-09-04,83.088895,83.736473,82.861225,83.220531,64477453.1
2025-09-05,82.793976,82.819504,82.315825,82.48867,50350274.74
2025-09-08,81.970517,82.151551,81.510351,81.887257,66944339.15
2025-09-09,81.531088,82.855096,81.131892,82.017343,67681127.02
2025-09-10,83.394466,83.643292,83.016328,83.111393,60690588.72
2025-09-11,82.605706,83.014201,82.431615,82.608052,63080192.8
2025-09-12,83.075595,83.895408,82.510691,83.256156,76583782.64
2025-09-15,83.491117,83.667432,82.411345,83.242496,86136630.04
2025-09-16,82.622841,83.235532,82.251338,82.678138,54579699.58
2025-09-17,83.116965,83.544307,82.985619,83.506326,81370156.76
2025-09-18,81.252333,81.69901,80.486354,80.656184,80365378.26
2025-09-19,78.908765,79.515049,78.678383,78.914222,80596069.81
2025-09-22,76.540295,76.565464,76.300403,76.56522,70753733.75
2025-09-23,73.310883,73.496695,72.482387,73.42987,58272397.71
2025-09-24,72.906984,73.165863,72.380715,72.56449,61727279.0
2025-09-25,73.3819,73.979691,73.147936,73.53629,80367759.4
2025-09-26,72.883335,73.903801,72.114175,73.336549,90799283.2
2025-09-29,73.322095,73.701822,73.124538,73.521685,70032676.06
2025-09-30,75.917069,76.417972,75.476228,75.516297,53925156.15
2025-10-01,77.841763,78.355523,77.000101,77.583524,54183850.4
2025-10-02,77.290862,77.758221,77.210935,77.369784,64206183.04
2025-10-03,79.834997,80.086508,78.689543,79.398857,59247049.21
2025-10-06,79.939914,80.5413,79.343838,79.701466,66536020.75
2025-10-07,78.966857,79.344814,78.767862,79.051154,56516544.35
2025-10-08,78.120682,78.596442,77.990813,78.17256,54538448.67
2025-10-09,76.625776,77.442447,76.478862,76.524972,64979189.96
2025-10-10,75.226743,75.888201,74.883047,75.477899,73366438.3
2025-10-13,75.581352,75.7722,75.064929,75.57999,90362211.14
2025-10-14,77.278674,77.545839,77.088875,77.183425,65183667.75
2025-10-15,79.215657,80.402792,78.883185,79.753825,50174987.94
2025-10-16,77.827756,78.201079,76.995493,77.886738,73199788.79
2025-10-17,78.623405,78.768358,78.300292,78.71883,75963180.23
2025-10-20,77.683071,77.893855,76.587843,77.364926,67488568.18
2025-10-21,78.092232,78.718682,78.037132,78.672678,69410464.35
2025-10-22,78.52853,78.765585,77.980374,78.64855,58285140.48
2025-10-23,76.01269,76.195247,75.359933,76.159451,69579300.58
2025-10-24,77.699451,77.77571,76.864822,77.402204,63911048.43
2025-10-27,76.327051,76.475996,75.571326,76.340348,65659677.91
2025-10-28,76.46831,76.663884,75.862105,75.922851,67876309.87
2025-10-29,74.585184,74.688979,74.203493,74.388141,57859377.28
2025-10-30,73.863442,74.167208,73.19663,73.984843,69856777.57
2025-10-31,74.355977,74.444472,74.050405,74.284765,54297523.47
2025-11-03,74.095395,74.725198,73.210029,74.200483,51993790.6
2025-11-04,75.359817,75.811491,74.634708,75.101649,78660895.4
2025-11-05,74.660175,75.239796,74.4025,75.060155,72854169.2
2025-11-06,77.323108,78.263736,76.950926,77.578713,75568198.8
2025-11-07,77.251513,77.322159,76.51159,77.110959,76137024.47
2025-11-10,75.670973,75.857881,74.803518,75.301767,60611262.46
2025-11-11,76.356421,77.138627,76.2862,77.034935,67232410.18
2025-11-12,77.36223,77.889912,75.818695,76.939227,61287432.88
2025-11-13,78.63792,79.299966,78.453504,78.682024,66505803.52
2025-11-14,79.065306,79.754817,78.367678,79.665626,67717224.33
2025-11-17,78.823675,80.102068,78.240164,79.781606,59206020.62
2025-11-18,80.481322,81.057739,80.257769,80.9767,55750724.42
2025-11-19,84.115956,84.388601,83.515619,84.122587,91623354.89
2025-11-20,88.068188,88.78469,87.790611,88.091408,75007196.49
2025-11-21,88.891501,88.999366,87.638133,88.666925,76189606.81
2025-11-24,88.231976,88.508763,87.481971,88.426332,63427139.5
2025-11-25,90.812826,91.531117,90.187394,91.217115,58453181.41
2025-11-26,89.66624,90.213835,89.15915,89.814645,61955817.69
2025-11-27,91.0504,91.156224,90.802649,91.038161,56976653.89
2025-11-28,91.244245,91.394489,90.513723,91.160096,82605521.01
2025-12-01,91.919323,93.070213,91.076622,92.210399,58085587.66
2025-12-02,91.098152,91.236273,90.519749,90.770852,55247207.17
2025-12-03,88.416856,88.661509,88.21431,88.637172,52541453.25
2025-12-04,85.221659,85.585857,84.63579,85.519169,84805328.55
2025-12-05,84.344128,84.545586,83.308007,84.527516,78675006.68
2025-12-08,84.498666,84.630063,84.124588,84.136931,86765756.55
2025-12-09,84.114956,84.834962,83.409739,84.15966,53723076.15
2025-12-10,86.233546,87.085753,85.771179,86.473774,78122979.52
2025-12-11,88.619194,88.801121,88.016173,88.292122,65044194.63
2025-12-12,87.845647,88.197004,86.831061,87.099121,83016145.25
2025-12-15,87.933936,88.187675,87.097804,87.860245,63073134.91
2025-12-16,88.149763,88.392742,86.947124,87.716848,70765859.01
2025-12-17,87.660187,89.108461,86.315284,87.298395,53373353.32
2025-12-18,87.535985,88.071898,87.247232,87.748561,72684340.6
2025-12-19,89.290118,89.896008,89.215674,89.280607,63440338.57
2025-12-22,87.640368,88.254601,87.097003,88.092297,55362073.86
2025-12-23,90.047084,90.657855,89.905667,90.120962,76067332.2
2025-12-24,88.137469,88.525423,87.423769,88.358787,57767142.18
2025-12-25,88.053238,88.572118,87.8068,88.195368,101480472.51
2025-12-26,92.323813,92.827616,91.881504,92.601579,65558663.28
2025-12-29,93.473658,93.807545,93.193354,93.581125,55294608.38
2025-12-30,96.73962,96.864033,96.492705,96.534105,62233760.72
2025-12-31,96.754331,97.017705,96.164768,96.800599,50852667.91
2026-01-01,97.570861,98.410046,96.649882,98.303962,52601015.04
2026-01-02,98.419089,99.142792,98.127798,98.713698,58381394.14
2026-01-05,97.950812,99.046878,96.896138,98.549757,60601183.92
2026-01-06,97.196299,97.783117,97.00824,97.101504,69068949.8
2026-01-07,97.952923,98.400965,97.434228,97.756114,69167753.5
2026-01-08,96.887671,97.265952,95.767183,96.788348,57403909.14
2026-01-09,97.768676,98.353527,97.42958,98.077583,73372835.07
2026-01-12,99.818006,99.932976,99.612866,99.719542,64580345.06
2026-01-13,99.671267,100.797197,99.240659,99.859048,50285612.25
2026-01-14,99.401999,100.107122,98.663805,99.856637,86558184.37
2026-01-15,100.905864,101.014002,100.177921,100.607289,52189982.51
2026-01-16,100.692055,101.05853,100.012373,100.363654,83702932.49
2026-01-19,103.10001,103.640641,101.92793,102.710165,63867240.19
2026-01-20,98.858822,99.143293,98.33089,99.099972,54974286.59
2026-01-21,99.130264,99.288824,97.895245,98.664818,87021684.33
2026-01-22,95.175027,95.657299,95.11197,95.363305,71426256.89
2026-01-23,93.42854,93.675036,92.702627,93.184954,71213850.12
2026-01-26,95.888653,96.726105,94.674711,96.085017,90414797.28
2026-01-27,97.169903,97.606318,96.27981,97.257038,65102025.14
2026-01-28,95.481097,96.742507,94.663867,96.414847,74425172.06
2026-01-29,94.331989,94.624321,94.012131,94.446047,86514761.74
2026-01-30,89.761695,90.514067,88.854151,89.729002,50206293.19
2026-02-02,88.829934,89.253034,88.728907,88.975872,68668376.08
2026-02-03,93.815026,94.610679,92.602022,93.160596,55700618.25
2026-02-04,93.726773,94.51949,92.604412,94.164625,53593349.77
2026-02-05,93.405961,93.901894,93.125998,93.617004,50652540.45
2026-02-06,94.415289,94.763022,93.353713,94.758265,72130786.37
2026-02-09,91.776582,92.698334,91.346841,91.984016,56232495.11
2026-02-10,92.40182,92.46967,91.167891,92.022168,71146676.87
2026-02-11,93.319461,93.838476,92.05972,92.770987,82450282.76
2026-02-12,92.595664,93.305544,92.310085,92.855955,55856309.98
2026-02-13,93.483156,94.095844,92.88758,93.754296,59110402.48
2026-02-16,94.003453,94.69818,93.913792,94.440572,106590106.04
2026-02-17,96.294286,96.571393,95.466036,95.79375,62687991.82
2026-02-18,94.790026,96.174441,94.062387,94.366883,52020252.79
2026-02-19,95.852801,97.053038,95.728905,95.893452,51998513.13
2026-02-20,97.744407,98.605035,97.102399,98.293316,58056493.42
2026-02-23,96.520625,97.433478,96.193483,97.027755,61504356.8
2026-02-24,95.813754,95.896273,95.396186,95.748404,57391608.54
2026-02-25,97.761621,98.849915,97.024017,97.547275,59263217.42
2026-02-26,96.71446,97.915221,96.533372,97.520426,62782355.46
2026-02-27,99.977335,100.445468,99.276394,100.105995,54620631.77
2026-03-02,100.34813,100.675625,99.289763,99.702736,68978749.89
2026-03-03,102.212285,102.435593,102.211438,102.301291,51579483.62
2026-03-04,102.992679,103.139777,102.086083,102.382627,60084528.36
2026-03-05,102.972073,103.450891,102.523866,102.70543,53968311.5
2026-03-06,105.066271,106.071223,104.631135,105.523941,77187728.37
2026-03-09,104.916116,105.788041,104.356592,105.039083,54654366.18
2026-03-10,103.49592,104.944386,102.615305,103.549224,80843642.11
2026-03-11,102.438096,104.21065,101.827471,102.829882,70554539.2
2026-03-12,103.248973,104.666471,103.0453,103.651085,90373828.13
2026-03-13,101.469963,102.2465,99.885462,100.86206,53502339.05
2026-03-16,102.798795,103.254612,102.148522,103.202258,82192674.05
2026-03-17,102.526001,103.243609,101.080592,102.085629,52341533.22
2026-03-18,103.930315,104.172167,103.087639,104.112088,62871707.59
2026-03-19,101.300208,102.254925,100.480029,101.310599,97046277.95
2026-03-20,100.480421,101.386675,99.548908,100.25511,58081116.96
2026-03-23,96.718595,97.607359,95.255363,96.950717,65304240.89
2026-03-24,96.253702,96.271801,95.993931,96.035546,62551372.05
2026-03-25,95.478803,96.974484,94.835797,96.266816,50013164.16
2026-03-26,96.645469,96.985391,95.554675,96.475784,62657892.91
2026-03-27,95.178308,97.177855,94.681005,96.127482,61161740.0
2026-03-30,95.764602,96.395102,94.757937,95.851577,69705078.19
2026-03-31,97.311276,98.247396,95.68351,96.979898,70523125.62
2026-04-01,95.88904,96.054064,95.439721,95.650947,82937849.64
2026-04-02,96.884296,97.88311,96.641769,97.390106,66363390.36
2026-04-03,98.408196,99.717134,97.727799,98.870778,59280087.74
2026-04-06,99.259798,99.67633,98.486583,99.533983,61981778.92
2026-04-07,101.005061,101.207354,100.352024,100.929882,72861511.77
2026-04-08,101.291796,102.635399,100.470998,102.121815,104039358.69
2026-04-09,106.076043,106.888472,105.527023,106.081654,59313465.93
2026-04-10,106.998443,107.484631,106.538925,106.865319,58314574.29
2026-04-13,106.710583,108.361985,105.640553,106.831532,61771400.31
2026-04-14,105.913695,107.301808,104.38081,105.691607,63644334.38
2026-04-15,104.161711,105.285528,103.420448,104.068581,52819237.23
2026-04-16,101.820748,103.317519,101.710721,102.041834,58300762.18
2026-04-17,99.349773,100.180924,98.583677,100.125218,102433078.44
2026-04-20,100.18689,100.682111,100.008384,100.133453,52464664.6
2026-04-21,100.598675,101.164486,100.378943,100.983656,53647219.19
2026-04-22,100.843004,101.606621,100.792875,101.076833,75424621.01
2026-04-23,100.219162,100.528471,99.096012,100.027459,50109808.15
2026-04-24,102.382219,102.528195,100.653296,101.805052,75094949.57
2026-04-27,103.617104,103.640813,102.992779,103.632881,55161977.46
2026-04-28,104.021501,104.376514,103.582616,103.791472,91821656.86
2026-04-29,102.253286,103.172237,102.07224,102.847531,74218356.7
2026-04-30,103.554621,103.736869,103.22988,103.45302,62710119.36
2026-05-01,104.693358,105.33224,103.983775,104.718451,54946808.8
2026-05-04,102.699998,102.978354,101.999642,102.197502,68450164.79
2026-05-05,101.99355,102.503734,101.179193,102.21452,89337845.02
2026-05-06,102.620219,102.798002,102.57679,102.719503,54849227.95
2026-05-07,101.506877,102.349767,100.370075,101.078782,59510249.97
2026-05-08,102.180005,102.320788,101.49453,102.217635,69116971.65
2026-05-11,99.9115,100.910469,98.92494,100.356618,63455255.36
2026-05-12,104.153501,105.27338,103.064558,103.101195,62845043.0
2026-05-13,105.067994,105.821066,104.937244,105.523261,80828200.76
2026-05-14,105.466277,105.511105,104.19348,105.493579,57361742.19
2026-05-15,106.528693,107.758033,106.00011,106.381169,76701616.71
2026-05-18,102.167075,103.368531,101.775403,102.057825,70884123.02
2026-05-19,100.229997,100.36403,100.113248,100.306127,71617555.0
2026-05-20,99.707294,100.653136,98.418659,99.781036,65054931.43
2026-05-21,98.087899,98.642602,97.965992,98.180161,80094814.77
2026-05-22,99.226708,99.7989,99.008474,99.671616,61455312.57
2026-05-25,104.553167,104.761273,102.863125,103.661586,52026263.87
2026-05-26,101.367528,101.569124,100.969013,101.456806,71437054.57
2026-05-27,100.665761,101.611478,99.075,100.425971,51188879.3
2026-05-28,100.512942,100.918497,99.911812,100.64767,51120978.93
2026-05-29,103.333108,104.304339,102.652929,103.479952,60185299.86
2026-06-01,101.049599,101.452695,100.602934,101.234024,63252991.0
2026-06-02,100.78581,101.865117,99.142959,101.414517,64124126.15
2026-06-03,105.254115,105.464424,104.970967,105.321783,59488588.8
2026-06-04,101.914094,102.790213,101.042242,102.080284,50585756.18
2026-06-05,100.160989,100.451563,99.689499,99.693814,58146278.35
2026-06-08,99.142479,99.849982,98.6093,99.619336,51655681.99
2026-06-09,98.424214,99.049601,97.454658,98.651961,81891190.16
2026-06-10,99.806528,100.466196,98.847194,100.166503,58860368.13
2026-06-11,100.935224,101.627872,99.49074,100.356157,59440392.27
2026-06-12,97.418947,98.210857,97.359785,97.758916,84148884.49
